rep	genome
1,1,a	(1,4,{1},{},[S_22,S_2⊕1,S_9])
1,1a	S_31
1,2,2,2,a	(3,2,{3},{},[(2,3,{2},{},[S_1,S_1⊕1,S_2⊕1,S_9]),S_1,S_1⊕1,S_2])
1,2,2,a	(2,3,{2},{},[S_1,S_1⊕1,S_2⊕1,S_9])
1,2,3,a	(1,4,{1,2},{},[S_1,S_2⊕1,S_4,S_8,S_9])
1,23a	(1,2,{0,1,3},{},[S_1,S_14,S_25,S_26,S_2⊕1])
1,3,2a	(1,0,{1,3},{},[S_1,S_20,S_6,S_8])
1,4,a	(3,4,{1,3},{},[S_17,S_1⊕1,S_22,S_2⊕1,S_5,S_9])
12,2a	S_29
12,3a	(1,2,{1,3},{},[S_1,S_22,S_25,S_4])
1222a	(4,0,{1,4},{},[(1,4,{0,1,3},{},[S_18,S_5,S_6,S_7]),(2,1,{0,2},{},[S_1⊕1,S_2⊕1,S_7]),(3,1,{0,2,3},{},[S_18,S_1⊕1,S_2⊕1,S_7]),(3,1,{0},{0},[S_1⊕1,S_2⊕1,S_3,S_5]),S_1,S_20])
122a2	(4,0,{1,4},{},[(1,1,{0},{0,2},[S_2⊕1,S_5]),(1,4,{0,1},{},[S_18,S_2⊕1,S_7]),(2,1,{0,2},{},[S_1⊕1,S_2⊕1,S_7]),(3,1,{0,2,3},{},[S_18,S_1⊕1,S_2⊕1,S_7]),(3,1,{0,3},{},[S_1⊕1,S_5,S_7]),S_1,S_20])
133a	(1,0,{1,3},{},[S_1,S_20,S_23,S_25])
1ABC|ABCa	(2,0,{1},{},[(1,1,{0},{0,2},[S_2⊕1,S_5]),S_1,S_27,S_30,S_3⊕1])
1AB|3AaB	(2,0,{1},{},[(3,1,{0},{0},[S_1⊕1,S_5]),(3,1,{0},{},[S_1⊕1,S_2⊕1,S_4,S_5]),S_1,S_2,S_28,S_3⊕1])
1a,23	S_31
2,2,23a	(2,1,{0,2,3},{},[S_10,S_14,S_1⊕1,S_2⊕1,S_7])
2,2,5a	(2,1,{0,2,3},{},[S_12,S_14,S_1⊕1,S_2⊕1,S_7])
2,2227a8	(1,0,{1,3},{},[(2,1,{0,2,3},{},[S_12,S_14,S_1⊕1,S_2⊕1,S_7]),(2,1,{0,2,3},{},[S_12,S_1⊕1,S_2⊕1,S_7]),(2,1,{0,2},{},[S_1⊕1,S_2⊕1,S_7]),(2,3,{0},{0,1},[S_2⊕1,S_3]),S_1,S_12,S_14,S_25])
2,25a	(3,4,{0,1,3},{},[S_10,S_12,S_14,S_1⊕1,S_20,S_21,S_2⊕1,S_4,S_8])
2,2AB|2,ABa	(3,2,{1,3},{},[S_1,S_12,S_1⊕1,S_2⊕1,S_8])
2,3,23a	(1,4,{0,1,3},{},[S_10,S_14,S_20,S_2⊕1,S_4,S_6,S_8])
2,3,5a	(1,2,{0,1,3},{},[S_12,S_14,S_20,S_2⊕1,S_4,S_6,S_8])
2,6a	(3,1,{0,3},{},[S_10,S_16,S_18,S_1⊕1,S_2⊕1])
2,ABa|4,AB	(1,2,{1,3},{},[S_1,S_12,S_18,S_1⊕2,S_2⊕1])
2,a,12	(3,1,{3},{},[S_17,S_1⊕1,S_22,S_2⊕1,S_5,S_9])
2,a,13	(1,4,{1,3},{},[S_17,S_22,S_2⊕1,S_4,S_5,S_8,S_9])
2,a,26	(1,0,{1},{},[(2,1,{2},{},[S_1⊕1,S_2⊕1,S_9]),(2,3,{0},{0,1},[S_2⊕1,S_3]),(3,1,{2,3},{},[S_1⊕1,S_2⊕1,S_5,S_8,S_9]),(3,1,{2,3},{},[S_1⊕1,S_2⊕1,S_8,S_9]),(3,3,{2},{0,1,2},[S_2,S_2⊕1,S_3]),S_1,S_22,S_25,S_9])
2222a	(2,1,{0,2},{},[S_10,S_1⊕1,S_2⊕1])
2225a	(4,0,{1,4},{},[(1,4,{0,1,3},{},[S_12,S_2⊕1,S_4,S_6,S_7,S_8]),(2,1,{0,2},{},[S_1⊕1,S_2⊕1,S_7]),(3,1,{0,2,3},{},[S_12,S_1⊕1,S_2⊕1,S_4,S_7]),(3,1,{0},{0,2},[S_2⊕1,S_3]),(3,4,{0,1,3},{},[S_1,S_1⊕1,S_2⊕1,S_7,S_8]),S_1,S_20,S_4⊕1])
222738a	(4,0,{1,4},{},[(1,4,{0,1,3},{},[S_12,S_18,S_2⊕1,S_4,S_5,S_6,S_7,S_8]),(2,1,{0,2},{},[S_1⊕1,S_2⊕1,S_7]),(3,1,{0,2,3},{},[S_12,S_1⊕1,S_2⊕1,S_4,S_7]),(3,1,{0,2,3},{},[S_18,S_1⊕1,S_2⊕1,S_7]),(3,1,{0},{0,2},[S_2⊕1,S_3]),(3,1,{0},{0},[S_1⊕1,S_2⊕1,S_3,S_5]),(3,4,{0,1,3},{},[S_1,S_1⊕1,S_2⊕1,S_7,S_8]),S_1,S_20,S_4⊕1])
2227a8	(2,1,{0,2,3},{},[S_10,S_12,S_1⊕1,S_2⊕1])
2232a	(3,1,{0,3},{},[S_10,S_1⊕1,S_21,S_2⊕1,S_8])
224a	(3,1,{0,2,3},{},[S_10,S_18,S_1⊕1,S_2⊕1])
2252a	(4,0,{1,4},{},[(1,1,{0},{0,2},[S_2⊕1,S_5]),(1,4,{0,1},{},[S_21,S_2⊕1,S_7,S_8]),(2,1,{0,2},{},[S_1⊕1,S_2⊕1,S_7]),(3,1,{0,3},{},[S_1⊕1,S_21,S_2⊕1,S_7,S_8]),(3,4,{0,1,3},{},[S_1,S_1⊕1,S_2⊕1,S_7,S_8]),(3,4,{0,3},{},[S_1,S_1⊕1,S_5,S_7]),S_1,S_20])
225a	(1,4,{0,1,3},{},[S_10,S_12,S_20,S_2⊕1,S_4,S_8])
22728a	(3,1,{0,2,3},{},[S_10,S_18,S_1⊕1,S_26,S_2⊕1,S_5])
227382a	(4,0,{1,4},{},[(1,1,{0},{0,2},[S_2⊕1,S_5]),(1,4,{0,1},{},[S_18,S_21,S_2⊕1,S_7,S_8]),(2,1,{0,2},{},[S_1⊕1,S_2⊕1,S_7]),(3,1,{0,2,3},{},[S_18,S_1⊕1,S_2⊕1,S_7]),(3,1,{0,3},{},[S_1⊕1,S_21,S_2⊕1,S_7,S_8]),(3,1,{0,3},{},[S_1⊕1,S_5,S_7]),(3,4,{0,1,3},{},[S_1,S_1⊕1,S_2⊕1,S_7,S_8]),(3,4,{0,3},{},[S_1,S_1⊕1,S_5,S_7]),S_1,S_20])
22AB|2,ABa	(1,2,{1,3},{},[S_1,S_12,S_2⊕1,S_8])
22AB|2ABa	(1,0,{1,3},{},[S_1,S_20,S_3⊕1,S_8])
22AB|2AaB	(1,4,{1},{},[S_1,S_2⊕1,S_8,S_9])
22AB|3AaB	(2,0,{1},{},[(3,1,{0},{0},[S_1⊕1,S_2⊕1,S_3,S_5]),S_1,S_2,S_25,S_28,S_3⊕1,S_4⊕1])
22AB|3a,AB	(2,0,{1},{},[(3,1,{0},{0},[S_1⊕1,S_2⊕1,S_3,S_5]),(3,1,{0},{},[S_1⊕1,S_2⊕1,S_4,S_5]),S_1,S_2,S_25,S_4⊕1])
22AB|a,2AB	(1,2,{1},{},[S_1,S_22,S_2⊕1,S_3⊕1,S_8])
23,23a	(1,2,{0,1,3},{},[S_1,S_14,S_20,S_25,S_26,S_2⊕1])
2337a8	(1,2,{1,3},{},[S_12,S_19,S_20,S_21,S_25,S_2⊕1,S_4,S_8])
234a	(3,1,{0,3},{},[S_10,S_18,S_1⊕1,S_21,S_2⊕1,S_8])
235a	(1,2,{0,1,3},{},[S_12,S_19,S_20,S_21,S_25,S_8])
24A|2Aa	(3,2,{3},{},[S_1,S_1⊕1,S_1⊕2,S_8])
275a8	(1,2,{0,1,3},{},[S_12,S_20,S_23,S_25,S_26,S_2⊕1,S_4,S_8])
2A2B|2,ABa	(2,4,{1,2,3},{},[S_1,S_12,S_1⊕1,S_2⊕1])
2A2B|2ABa	(2,4,{1,2,3},{},[S_1,S_1⊕1,S_20,S_3⊕1])
2A2B|2AaB	(2,3,{1,2},{},[S_1,S_1⊕1,S_2⊕1,S_9])
2A2B|3AaB	(1,4,{1,2},{},[(2,2,{0},{1},[S_1⊕1,S_2⊕1]),S_1,S_2⊕1,S_3⊕1,S_4⊕1])
2A2B|7AB8a	(2,4,{1,2},{},[S_1,S_1⊕1,S_3⊕1])
2A2B|a,2AB	(2,4,{1,2},{},[S_1,S_1⊕1,S_22,S_2⊕1,S_3⊕1])
2A3B|2,ABa	(1,2,{1,3},{},[S_1,S_12,S_1⊕2,S_2⊕1])
2A3B|2ABa	(1,0,{1,3},{},[S_1,S_1⊕2,S_20,S_3⊕1])
2A3B|2AaB	(1,4,{1},{},[S_1,S_1⊕2,S_2⊕1,S_9])
2A3B|a,2AB	(1,2,{1},{},[S_1,S_1⊕2,S_22,S_2⊕1,S_3⊕1])
2ABC|2,ABCa	(1,4,{1,3},{},[S_1,S_12,S_14,S_20,S_2⊕1,S_4,S_8,S_9])
2ABC|2ABCa	(1,0,{1,3},{},[S_1,S_12,S_20,S_21,S_23,S_25,S_8])
2ABC|2ABaC	(1,4,{1,2,3},{},[S_1,S_12,S_20,S_25,S_2⊕1,S_4,S_8,S_9])
2ABC|3,a,ABC	(1,2,{1},{},[S_1,S_19,S_22,S_25,S_27,S_28,S_4⊕1])
2ABC|3ABaC	(1,4,{1},{},[S_1,S_19,S_20,S_25,S_27,S_28,S_4⊕1,S_9])
2ABC|ABCa	S_27
2ABC|a,2ABC	(1,4,{1,2},{},[S_1,S_22,S_23,S_25,S_2⊕1,S_4,S_8])
2ABC|a,3ABC	(1,2,{1},{},[S_1,S_19,S_22,S_23,S_25,S_27,S_28,S_4⊕1])
2ABa|4,AB	(1,0,{1,3},{},[S_1,S_18,S_1⊕2,S_20,S_23])
2AB|2,3AaB	(1,4,{0,1,3},{},[S_1,S_12,S_14,S_20,S_2⊕1,S_4,S_8,S_9])
2AB|2,a,3AB	(1,4,{1,3},{},[S_1,S_22,S_2⊕1,S_4,S_8,S_9])
2AB|23aAB	(1,4,{1,2,3},{},[S_1,S_12,S_20,S_25,S_2⊕1,S_4,S_9])
2AB|2A3Ba	(1,2,{0,1,3},{},[S_1,S_12,S_19,S_20,S_21,S_25,S_8])
2AB|3A7a8B	(1,2,{1},{},[S_1,S_19,S_20,S_25,S_8])
2AB|3ABa	S_28
2AB|5ABa	(1,4,{1,3},{},[S_1,S_19,S_20,S_25,S_9])
2AB|5AaB	(1,4,{1},{},[S_1,S_20,S_25,S_2⊕1,S_9])
2AB|ACD|BCDa	(1,2,{3},{},[S_1,S_23,S_25,S_2⊕1,S_3⊕1,S_4,S_5,S_8])
2AB|a,5AB	(1,2,{1},{},[S_1,S_19,S_22,S_23,S_25,S_2⊕1])
2AaB|2,2AB	(3,4,{1,3},{},[S_1,S_1⊕1,S_2⊕1,S_8,S_9])
2AaB|2,3AB	(1,4,{1},{},[S_1,S_1⊕2,S_2⊕1,S_8,S_9])
2AaB|4,AB	(1,4,{1,3},{},[S_1,S_16,S_1⊕2,S_2⊕1,S_9])
2Aa|232A	(2,3,{1,2},{},[S_1,S_1⊕1])
2a,223	(3,2,{3},{},[S_1,S_12,S_1⊕1,S_25,S_8])
3,2222a	(4,0,{1,4},{},[(1,1,{0},{0,2},[S_2⊕1,S_5]),(1,4,{0,1,2,3},{},[S_2⊕1,S_4,S_6,S_7,S_8]),(2,1,{0,2},{},[S_1⊕1,S_2⊕1,S_7]),(3,4,{0,1,3},{},[S_1,S_1⊕1,S_2⊕1,S_7,S_8]),(3,4,{0,3},{},[S_1,S_1⊕1,S_5,S_7]),S_1,S_20,S_4⊕1])
3,2227a8	(4,0,{1,2,4},{},[(1,1,{0},{0,2},[S_2⊕1,S_5]),(1,4,{0,1,2,3},{},[S_2⊕1,S_4,S_6,S_7,S_8]),(1,4,{1,3},{},[S_12,S_2⊕1,S_4,S_6,S_7,S_8]),(2,1,{0,2,3},{},[S_12,S_1⊕1,S_2⊕1,S_7]),(2,1,{0,2},{},[S_1⊕1,S_2⊕1,S_7]),(3,2,{3},{},[S_1,S_12,S_1⊕1,S_2⊕1,S_5,S_8]),(3,4,{0,1,3},{},[S_1,S_1⊕1,S_2⊕1,S_7,S_8]),S_1,S_20,S_4⊕1])
3,2AB|3a,AB	(2,0,{1},{},[(3,1,{0},{0,2},[S_1⊕1,S_2⊕1,S_5]),(3,1,{0},{},[S_1⊕1,S_2⊕1,S_4,S_5]),S_1,S_2,S_2⊕2,S_4⊕1])
3,a,24	(3,4,{1,3},{},[S_1,S_17,S_1⊕1,S_2⊕1,S_4,S_8,S_9])
3,a,26	(4,0,{1,4},{},[(1,1,{0},{0,2},[S_2⊕1,S_5]),(1,4,{1,2},{},[S_1,S_2⊕1,S_4,S_8,S_9]),(2,1,{2},{},[S_1⊕1,S_2⊕1,S_9]),(3,1,{0},{0,2},[S_2⊕1,S_3,S_5]),(3,1,{0},{},[S_1⊕1,S_2⊕1,S_4,S_5]),(3,1,{2,3},{},[S_1⊕1,S_2⊕1,S_5,S_8,S_9]),(3,4,{1,3},{},[S_1,S_1⊕1,S_2⊕1,S_4,S_8,S_9]),(3,4,{1,3},{},[S_1,S_1⊕1,S_2⊕1,S_5,S_8,S_9]),(3,4,{3},{},[S_1,S_2⊕1,S_3,S_5,S_8]),S_1,S_4⊕1])
33,4a	(1,2,{0,1,3},{},[S_1,S_18,S_19,S_20,S_25,S_4])
334a	(1,2,{0,1,3},{},[S_12,S_18,S_20,S_25,S_2⊕1,S_4,S_8])
3ABC|2,ABCa	(1,0,{1,2},{},[(3,1,{0,3},{},[S_16,S_18,S_1⊕1,S_2⊕1,S_7]),(3,1,{0,3},{},[S_16,S_1⊕1,S_2⊕1,S_8]),(3,2,{0,3},{},[S_1,S_18,S_1⊕1,S_5,S_8]),(3,3,{2},{0,2},[S_2,S_2⊕1]),(3,4,{0,1,3},{},[S_1,S_1⊕1,S_2⊕1,S_7,S_8]),S_1,S_12,S_25])
3ABC|2,a,ABC	(1,0,{1,2},{},[(3,1,{3},{},[S_1⊕1,S_2⊕1,S_8,S_9]),(3,2,{3},{},[S_1,S_1⊕1,S_2⊕1,S_5,S_8]),(3,3,{2},{0,2},[S_2,S_2⊕1]),(3,4,{1,3},{},[S_1,S_1⊕1,S_2⊕1,S_8,S_9]),S_1,S_25,S_9])
3ABC|2ABCa	(1,0,{1,2},{},[(3,1,{0,3},{},[S_18,S_1⊕1,S_5,S_7]),(3,2,{0,3},{},[S_1,S_18,S_1⊕1,S_5,S_8]),(3,4,{0,1,3},{},[S_1,S_1⊕1,S_2⊕1,S_7,S_8]),(3,4,{0,3},{},[S_1,S_1⊕1,S_5,S_7]),S_1,S_20,S_30])
3ABC|2ABaC	(1,0,{1,2},{},[(3,1,{0,2,3},{},[S_16,S_18,S_1⊕1,S_2⊕1,S_7]),(3,1,{0,3},{},[S_16,S_1⊕1,S_2⊕1,S_8]),(3,2,{0,3},{},[S_1,S_18,S_1⊕1,S_5,S_8]),(3,3,{2},{0,2},[S_2,S_2⊕1]),(3,4,{0,1,3},{},[S_1,S_1⊕1,S_2⊕1,S_7,S_8]),S_1,S_20,S_25,S_9])
3ABC|2a,ABC	(1,0,{1,2},{},[(3,2,{3},{},[S_1,S_15,S_1⊕1,S_5,S_8]),(3,2,{3},{},[S_1,S_15,S_1⊕1]),S_1,S_8⊕1])
3ABC|3,ABCa	(2,3,{1,2},{},[(1,4,{0,3},{},[S_13,S_16,S_18,S_2⊕1,S_4,S_6,S_8]),(3,0,{3},{},[S_1,S_3,S_8]),(3,1,{0,3},{},[S_13,S_1⊕1,S_2⊕1,S_5,S_8]),(3,1,{0,3},{},[S_16,S_1⊕1,S_2⊕1,S_8]),(3,1,{0},{0,2},[S_2⊕1,S_3,S_5]),(3,1,{0},{},[S_1⊕1,S_2⊕1,S_4,S_5]),(3,2,{0,3},{},[S_1,S_18,S_1⊕1,S_5,S_8]),(3,2,{1,3},{},[S_1,S_1⊕1,S_3⊕1,S_6,S_8]),S_1,S_28,S_4⊕1])
3ABC|3ABCa	(1,0,{1,2},{},[(3,1,{0,3},{},[S_12,S_13,S_18,S_1⊕1,S_4,S_5]),(3,1,{0,3},{},[S_13,S_1⊕1,S_2⊕1,S_5,S_8]),(3,1,{0},{},[S_1⊕1,S_2⊕1,S_4,S_5]),(3,2,{0,3},{},[S_1,S_18,S_1⊕1,S_5,S_8]),(3,2,{1,3},{},[S_1,S_12,S_1⊕1,S_2⊕1,S_8]),(3,2,{3},{},[S_1,S_12,S_1⊕1,S_5,S_8]),S_1,S_28,S_30,S_4⊕1])
3ABC|3ABaC	(1,3,{1,2},{},[(3,0,{3},{},[S_1,S_3,S_8]),(3,1,{0,3},{},[S_13,S_16,S_18,S_1⊕1,S_21,S_2⊕1,S_4,S_8]),(3,1,{0,3},{},[S_13,S_1⊕1,S_2⊕1,S_5,S_8]),(3,1,{0,3},{},[S_16,S_1⊕1,S_2⊕1,S_8]),(3,1,{0},{0,2},[S_2⊕1,S_3,S_5]),(3,1,{0},{},[S_1⊕1,S_2⊕1,S_4,S_5]),(3,2,{0,1,3},{},[S_1,S_1⊕1,S_21,S_3⊕1,S_8]),(3,2,{0,3},{},[S_1,S_18,S_1⊕1,S_5,S_8]),S_1,S_28,S_4⊕1])
3ABC|ABCa	(3,1,{0,3},{},[S_13,S_1⊕1,S_2⊕1,S_5,S_8])
3ABC|a,2ABC	(1,0,{1,2},{},[(3,1,{2,3},{},[S_1⊕1,S_2⊕1,S_5,S_8,S_9]),(3,2,{3},{},[S_1,S_1⊕1,S_2⊕1,S_5,S_8]),(3,3,{2},{0,2},[S_2,S_2⊕1]),(3,4,{1,3},{},[S_1,S_1⊕1,S_2⊕1,S_5,S_8,S_9]),S_1,S_22,S_25,S_30])
3ABaC|2,ABC	(1,4,{1},{},[S_19,S_20,S_25,S_27,S_28,S_4⊕1,S_9])
3AB|1a,AB	(2,0,{1,2},{},[(3,2,{1,3},{},[S_1,S_12,S_1⊕1,S_3⊕1,S_5,S_8]),(3,2,{1,3},{},[S_12,S_1⊕1,S_5,S_8]),(3,2,{3},{},[S_1,S_1⊕1,S_8]),S_1,S_12⊕1,S_30])
3AB|3,ABa	(1,2,{3},{},[S_1,S_23,S_25,S_2⊕1,S_3⊕1,S_4,S_8])
3AB|AB,23a	(2,0,{1,2},{},[(3,1,{0,3},{},[S_12,S_14,S_1⊕1,S_5,S_8]),(3,2,{0,3},{},[S_1,S_14,S_1⊕1,S_3⊕1,S_5,S_8]),(3,2,{1,3},{},[S_1,S_12,S_1⊕1,S_3⊕1,S_5,S_8]),(3,2,{3},{},[S_1,S_1⊕1,S_8]),S_1,S_14⊕1,S_20,S_30])
3AB|ACD|BCDa	(1,2,{1},{},[S_1,S_19,S_23,S_25,S_3⊕1])
3AB|CDa|ABCD	(1,0,{1},{3},[(3,3,{2},{0,2},[S_2,S_2⊕1]),S_1,S_23,S_30,S_3⊕1,S_5⊕1])
3AaB|2,2,AB	(2,4,{1,2},{},[(3,2,{0},{0,1},[S_1⊕1,S_2⊕1,S_5]),S_1,S_2,S_28,S_2⊕1,S_3⊕1,S_4⊕1])
3AaB|2,2AB	(2,2,{1,3},{},[(3,3,{0},{0,1},[S_1⊕1,S_2⊕1,S_3,S_5]),S_1,S_2,S_25,S_28,S_2⊕1,S_3⊕1,S_4⊕1])
3AaB|27AB8	(2,0,{1},{},[(3,1,{0},{0},[S_1⊕1,S_2⊕1,S_3,S_5]),(3,1,{0},{},[S_1⊕1,S_2⊕1,S_4,S_5]),S_1,S_2,S_25,S_28,S_3⊕1,S_4⊕1])
3A|1,A,a	(3,4,{1,3},{},[S_1,S_1⊕1,S_5,S_8,S_9])
3A|12,Aa	(2,1,{2},{},[(1,0,{1},{},[S_1,S_3⊕1]),(1,2,{1,3},{},[S_1,S_12,S_2⊕1,S_3⊕1]),(3,0,{3},{},[S_1,S_3,S_8]),(3,2,{1,3},{},[S_1,S_12,S_1⊕1,S_8]),S_22,S_25,S_8⊕1])
3A|2,2,Aa	(3,4,{0,1,3},{},[S_1,S_1⊕1,S_7,S_8])
3A|2,3,Aa	(3,2,{1,3},{},[S_1,S_1⊕1,S_6,S_8])
3A|222Aa	(4,0,{1,3,4},{},[(1,3,{0,1},{},[S_1,S_2⊕1,S_7]),(2,1,{0,2},{},[S_1⊕1,S_2⊕1,S_7]),(3,4,{0,1,3},{},[S_1,S_1⊕1,S_2⊕1,S_7,S_8]),S_1,S_10,S_2,S_25])
3A|22A2a	(4,0,{1,3,4},{},[(1,3,{0,1},{},[S_1,S_2⊕1,S_7]),(2,1,{0,2},{},[S_1⊕1,S_2⊕1,S_7]),(3,3,{2},{0,2},[S_2,S_2⊕1]),(3,4,{0,3},{},[S_1,S_1⊕1,S_5,S_7]),S_1,S_10])
3A|22Aa	(3,4,{0,1,3},{},[S_1,S_10,S_1⊕1,S_2⊕1,S_8])
3A|2a,5A	(2,3,{0,2},{},[(1,0,{1},{},[S_1,S_3⊕1]),(3,2,{1,3},{},[S_1,S_12,S_1⊕1,S_3⊕1,S_5,S_8]),(3,2,{1,3},{},[S_1,S_12,S_1⊕1,S_8]),S_1,S_1⊕1,S_8⊕1])
3A|37a8A	(3,2,{1,3},{},[S_1,S_1⊕1,S_25,S_3⊕1,S_5,S_8])
3A|4,Aa	(3,0,{3},{},[S_1,S_3,S_8])
3A|5Aa	(3,2,{1,3},{},[S_1,S_1⊕1,S_20,S_3⊕1,S_8])
3A|A,1a	(3,2,{1,3},{},[S_1,S_12,S_1⊕1,S_5,S_8])
3A|A,23a	(3,2,{0,1,3},{},[S_1,S_14,S_1⊕1,S_5,S_8])
3A|ABCD|BCDa	(1,0,{1,3},{},[(3,3,{2},{0,2},[S_2,S_2⊕1]),S_1,S_13,S_23,S_27,S_5⊕1])
3A|ABCD|a,BCD	(1,0,{1},{},[(3,3,{2},{0,2},[S_2,S_2⊕1]),S_1,S_11,S_23,S_27,S_5⊕1])
3A|a,5A	(3,2,{1,3},{},[S_1,S_1⊕1,S_22,S_3⊕1,S_5,S_8])
3a,2222	(4,0,{1,4},{},[(1,4,{1,2},{},[S_1,S_12,S_4,S_9]),(2,1,{0,2,3},{},[S_12,S_1⊕1,S_2⊕1,S_7]),(2,1,{2},{},[S_1⊕1,S_2⊕1,S_9]),S_1,S_4⊕1])
3a,223	(1,2,{1,3},{},[S_1,S_12,S_22,S_25,S_4])
4,1a	(3,2,{1,3},{},[S_12,S_1⊕1,S_25,S_5,S_8])
4,23a	(3,1,{0,3},{},[S_14,S_1⊕1,S_25,S_26,S_5,S_8])
4,25a	(2,3,{0,1,2},{},[(1,2,{0,1,3},{},[S_12,S_14,S_23,S_2⊕1,S_4,S_6,S_8]),(3,0,{3},{},[S_1,S_3,S_8]),(3,1,{0,3},{},[S_12,S_14,S_18,S_1⊕1,S_2⊕1,S_4,S_7]),(3,1,{0,3},{},[S_12,S_14,S_1⊕1,S_5,S_8]),(3,1,{0,3},{},[S_14,S_18,S_1⊕1,S_21,S_23,S_2⊕1,S_7,S_8]),(3,1,{0,3},{},[S_14,S_1⊕1,S_5,S_7,S_8]),(3,1,{0},{0,2},[S_2⊕1,S_3,S_5]),(3,1,{0},{},[S_1⊕1,S_2⊕1,S_4,S_5]),(3,4,{0,1,3},{},[S_12,S_14,S_1⊕1,S_21,S_2⊕1,S_4,S_6,S_7,S_8]),S_1,S_20])
4,AB|2,a,AB	(1,4,{1},{},[S_1,S_17,S_1⊕2,S_2⊕1,S_9])
4,AB|a,2AB	(1,2,{1},{},[S_1,S_17,S_1⊕2,S_22,S_23,S_2⊕1])
4ABC|ABCa	(1,0,{1,3},{},[(3,1,{0},{0},[S_1⊕1,S_2⊕1,S_3,S_5]),(3,3,{2},{0,1,2},[S_2,S_2⊕1,S_3]),S_1,S_13,S_23,S_25,S_27])
4AB|3,ABa	(1,0,{1},{},[S_1,S_25,S_28,S_2⊕2,S_30,S_3⊕1,S_4⊕1])
4AB|3ABa	(1,0,{1},{},[S_1,S_23,S_25,S_28,S_2⊕2,S_30,S_4⊕1])
4AB|3a,AB	(1,0,{1},{},[(3,1,{0},{},[S_1⊕1,S_2⊕1,S_4,S_5]),S_1,S_25,S_2⊕2,S_30,S_4⊕1])
4AB|ABa	S_30
4AB|a,3AB	(1,0,{1},{},[S_1,S_23,S_25,S_28,S_2⊕2,S_30,S_3⊕1,S_4⊕1])
4A|2,3Aa	(1,2,{1,3},{},[S_1,S_12,S_14,S_2⊕1])
4A|2,A,2a	(1,0,{1,3},{},[S_1,S_6,S_7])
4A|3Aa	(3,1,{0},{},[S_1⊕1,S_2⊕1,S_4,S_5])
4A|4,Aa	(1,2,{1,3},{},[S_1,S_25,S_3⊕1,S_5,S_8])
4A|A,22a	(1,0,{1,3},{},[S_1,S_10,S_20,S_23])
4A|A,23a	(1,0,{1,3},{},[S_1,S_14,S_20,S_23])
4A|ABC|BCa	(1,1,{3},{0},[S_1⊕2,S_23,S_2⊕1,S_3⊕1,S_5])
4A|a,22A	(1,4,{1},{},[S_1,S_22,S_23,S_2⊕1,S_9])
4A|a,23A	(1,2,{1},{},[S_1,S_22,S_23,S_2⊕1,S_3⊕1])
5,23a	(1,2,{0,1,3},{},[S_1,S_14,S_20,S_2⊕1])
5ABC|ABCa	(2,0,{1},{},[(1,1,{0},{0,2},[S_2⊕1,S_5]),(3,1,{0},{0},[S_1⊕1,S_2⊕1,S_3,S_5]),S_1,S_27,S_30,S_3⊕1])
5AB|3AaB	(2,0,{1},{},[(3,1,{0},{},[S_1⊕1,S_2⊕1,S_4,S_5]),S_1,S_2,S_28,S_3⊕1,S_4⊕1,S_5⊕1])
5AB|3a,AB	(2,0,{1},{},[(3,1,{0},{},[S_1⊕1,S_2⊕1,S_4,S_5]),S_1,S_2,S_4⊕1,S_5⊕1])
6A|2Aa	(3,2,{1,3},{},[S_1,S_1⊕1,S_1⊕2,S_8])
ABCa|1,ABC	(2,0,{1},{},[(3,1,{0},{0},[S_1⊕1,S_2⊕1,S_3,S_5]),S_1,S_2,S_27,S_3⊕1])
ABCa|2,2,ABC	(1,4,{2},{},[(2,2,{0},{0,1},[S_2⊕1]),(3,3,{0},{0,1},[S_1⊕1,S_2⊕1,S_3,S_5]),S_1,S_27,S_2⊕1,S_3⊕1])
ABCa|2,2ABC	(1,4,{3},{},[(2,2,{0},{1},[S_1⊕1,S_2⊕1]),(2,3,{0},{0,1},[S_2⊕1,S_3]),(3,1,{0},{0},[S_1⊕1,S_2⊕1,S_3,S_5]),(3,3,{0},{0,1},[S_1⊕1,S_2⊕1,S_3,S_5]),S_1,S_23,S_25,S_27,S_2⊕1,S_3⊕1])
ABCa|2,3,ABC	(2,2,{1},{},[(1,1,{0},{0,2},[S_2⊕1]),(3,1,{0},{0,2},[S_1⊕1,S_2⊕1,S_5]),(3,3,{0},{0,1},[S_1⊕1,S_2⊕1,S_3,S_5]),(3,3,{2},{0,2},[S_2,S_2⊕1]),S_1,S_19,S_27,S_3⊕1])
ABCa|2,3ABC	(1,2,{1},{},[(3,1,{0},{0},[S_1⊕1,S_2⊕1,S_3,S_5]),(3,1,{0},{2},[S_1⊕1,S_2⊕1,S_5]),(3,3,{0},{0,1,2},[S_2⊕1,S_3]),(3,3,{0},{0,1},[S_1⊕1,S_2⊕1,S_3,S_5]),(3,3,{2},{0,2},[S_2,S_2⊕1]),S_1,S_19,S_23,S_25,S_27,S_3⊕1])
ABCa|22ABC	(1,0,{1},{},[(2,3,{0},{0,1},[S_2⊕1,S_3]),(3,1,{0},{0},[S_1⊕1,S_2⊕1,S_3,S_5]),S_1,S_23,S_25,S_27,S_3⊕1])
ABCa|23,ABC	(2,0,{1},{},[(3,1,{0},{0},[S_1⊕1,S_2⊕1,S_3,S_5]),S_1,S_2,S_27,S_3⊕1,S_5⊕1])
ABCa|23ABC	(1,0,{1},{},[(3,1,{0},{0,2},[S_2⊕1,S_3]),(3,1,{0},{0},[S_1⊕1,S_2⊕1,S_3,S_5]),(3,2,{0},{0,1},[S_2⊕1,S_5]),S_1,S_23,S_25,S_27,S_30,S_3⊕1])
ABCa|27ABC8	(1,0,{1},{},[(3,1,{0},{0},[S_1⊕1,S_2⊕1,S_3,S_5]),(3,3,{0},{0,1,2},[S_2⊕1,S_3,S_5]),S_1,S_23,S_25,S_27,S_30,S_3⊕1])
ABCa|2A2BC	(1,4,{1,2},{},[(2,2,{0},{1},[S_1⊕1,S_2⊕1]),(2,3,{0},{0,1},[S_2⊕1,S_3]),(3,1,{0},{0},[S_1⊕1,S_2⊕1,S_3,S_5]),S_1,S_25,S_2⊕1,S_3⊕1])
ABCa|2A3BC	(1,4,{1},{},[(2,2,{0},{1},[S_1⊕1,S_2⊕1]),(3,1,{0},{0,2},[S_2⊕1,S_3]),(3,1,{0},{0},[S_1⊕1,S_2⊕1,S_3,S_5]),(3,1,{0},{2},[S_1⊕1,S_2⊕1,S_5]),(3,3,{2},{0,2},[S_2,S_2⊕1]),S_1,S_19,S_25,S_27,S_3⊕1])
ABCa|3,2ABC	(4,4,{1},{},[(1,1,{0},{0,2},[S_2⊕1,S_5]),(2,2,{0},{1},[S_1⊕1,S_2⊕1]),(3,1,{0},{0,2},[S_1⊕1,S_2⊕1,S_5]),(3,1,{0},{0},[S_1⊕1,S_2⊕1,S_3,S_5]),(3,3,{2},{0,2},[S_2,S_2⊕1]),S_1,S_19,S_27,S_30,S_3⊕1])
ABCa|3,3ABC	(2,0,{1},{},[(0,1,{0,3},{},[S_15,S_1⊕1,S_8]),(0,1,{0},{2},[S_1⊕1,S_3,S_5]),(1,1,{0,3},{},[S_13,S_2⊕1,S_5,S_8]),(1,1,{0},{0,2},[S_2⊕1,S_5]),(3,1,{0,3},{},[S_13,S_1⊕1,S_2⊕1,S_5,S_8]),(3,1,{0},{0,2},[S_1⊕1,S_2⊕1,S_5]),(3,1,{0},{0,2},[S_2⊕1,S_3,S_5]),(3,1,{0},{0},[S_1⊕1,S_2⊕1,S_3,S_5]),(3,1,{0},{2},[S_1⊕1,S_2⊕1,S_5]),S_1,S_27,S_30])
ABCa|33ABC	(2,0,{1},{},[(0,1,{0,3},{},[S_15,S_1⊕1,S_8]),(0,1,{0},{2},[S_1⊕1,S_3,S_5]),(1,1,{0},{0,2},[S_2⊕1,S_5]),(3,1,{0,3},{},[S_13,S_1⊕1,S_2⊕1,S_5,S_8]),(3,1,{0},{0},[S_1⊕1,S_2⊕1,S_3,S_5]),S_1,S_27,S_30])
ABCa|3A3BC	(1,0,{1},{},[(0,1,{0,3},{},[S_15,S_1⊕1,S_8]),(0,1,{0},{2},[S_1⊕1,S_3,S_5]),(2,1,{0},{0},[S_2⊕1,S_3]),(3,1,{0,3},{},[S_13,S_1⊕1,S_2⊕1,S_5,S_8]),(3,1,{0},{0,2},[S_2⊕1,S_3,S_5]),(3,1,{0},{0},[S_1⊕1,S_2⊕1,S_3,S_5]),(3,1,{0},{2},[S_1⊕1,S_2⊕1,S_5]),S_1])
ABa|12,AB	(2,0,{1},{3},[(3,1,{0},{0,2},[S_2⊕1,S_3,S_5]),S_1,S_2,S_23,S_30,S_5⊕1])
ABa|22A2B	(1,4,{3},{0},[(2,2,{0},{1},[S_1⊕1,S_2⊕1]),(2,3,{0},{0,1},[S_2⊕1,S_3]),S_1,S_25,S_2⊕1])
ABa|22AB	(3,1,{0},{0},[S_1⊕1,S_2⊕1,S_3,S_5])
ABa|3,2AB	(3,1,{0},{0,2},[S_1⊕1,S_2⊕1,S_5])
ABa|3,5AB	(2,0,{1},{1,3},[(0,1,{0},{2},[S_1⊕1,S_3,S_5]),(1,1,{0},{0,2},[S_2⊕1,S_5]),(3,1,{0},{0,2},[S_1⊕1,S_2⊕1,S_5]),(3,1,{0},{0,2},[S_2⊕1,S_3,S_5]),(3,1,{0},{0},[S_1⊕1,S_2⊕1,S_3,S_5]),S_1,S_30,S_5⊕1])
ABa|33AB	S_32
ABa|35AB	(2,0,{1},{1},[(0,1,{0},{2},[S_1⊕1,S_3,S_5]),(1,1,{0},{0,2},[S_2⊕1,S_5]),(3,1,{0},{0,2},[S_2⊕1,S_3,S_5]),(3,1,{0},{0},[S_1⊕1,S_2⊕1,S_3,S_5]),S_1,S_30,S_3⊕1,S_5⊕1])
ABa|3A5B	(4,0,{1},{3},[(1,1,{0},{0,2},[S_2⊕1,S_5]),(2,1,{0},{0},[S_2⊕1,S_3]),(3,1,{0},{0,2},[S_2⊕1,S_3,S_5]),(3,1,{0},{2},[S_1⊕1,S_2⊕1,S_5]),S_1,S_5⊕1])
ABa|AB,223	(1,0,{1},{3},[(3,1,{0},{0,2},[S_2⊕1,S_3,S_5]),(3,1,{0},{0,2},[S_2⊕1,S_3]),S_1,S_23,S_30,S_5⊕1])
AB|22AaB	(3,1,{0,2},{},[S_10,S_16,S_1⊕1,S_2⊕1])
AB|2ACD|BCDa	(1,2,{1,3},{},[S_1,S_11,S_20,S_25,S_3⊕1,S_5,S_8])
AB|2AC|2BCa	(3,2,{3},{},[S_1,S_12,S_1⊕1,S_5,S_8])
AB|2AC|3BaC	(1,2,{1,3},{},[S_1,S_20,S_25,S_3⊕1,S_4,S_8])
AB|5AC|BCa	(1,2,{1,3},{},[S_1,S_23,S_25,S_2⊕1,S_3⊕1])
AB|ACDE|a,BCDE	(1,2,{1},{},[S_11,S_22,S_23,S_25,S_2⊕1])
AB|ACD|2,BCDa	(1,4,{0,1,3},{},[S_14,S_18,S_20,S_2⊕1,S_4,S_8,S_9])
AB|ACa|4,BC	(3,2,{3},{},[S_1,S_1⊕1,S_1⊕2,S_25,S_3⊕1,S_5])
AB|AC|1BaC	(1,4,{0,1},{},[S_20,S_25,S_2⊕1,S_9])
AB|AC|2BD|CDa	(3,1,{0},{},[S_1⊕1,S_2⊕1,S_4,S_5])
Aa|1,1A	(2,0,{1},{1,3},[(3,1,{0},{0,2},[S_2⊕1,S_3,S_5]),(3,1,{0},{0,2},[S_2⊕1,S_3]),S_2,S_3⊕1])
a,2222	(2,1,{2},{},[S_1⊕1,S_2⊕1,S_9])
a,2223	(3,1,{2,3},{},[S_1⊕1,S_22,S_2⊕1,S_4,S_8,S_9])
a,225	(1,4,{1,3},{},[S_22,S_2⊕1,S_4,S_8,S_9])
a,22728	(3,1,{2,3},{},[S_17,S_1⊕1,S_22,S_2⊕1,S_5,S_9])
a,234	(3,1,{3},{},[S_17,S_1⊕1,S_22,S_2⊕1,S_4,S_5,S_8,S_9])
a,26	(3,1,{2,3},{},[S_17,S_1⊕1,S_2⊕1,S_5,S_9])
a,45	(3,2,{1,3},{},[S_17,S_1⊕1,S_22,S_2⊕1,S_4,S_5,S_8])
